<?xml version="1.0" encoding="ISO-8859-1" ?>
<catalog>
  <cd>
    <title>Empire Burlesque</title>
    <artist>Bob Dylan</artist>
    <country>USA</country>
    <company>Columbia</company>
    <price>10.90</price>
    <year>1985</year>
  </cd>
  <cd>
    <title>Hide your heart</title>
    <artist>Bonnie Tyler</artist>
    <country>UK</country>
    <company>CBS Records</company>
    <price>9.90</price>
    <year>1988</year>
  </cd>
  <cd>
    <title>Make Yourself</title>
    <artist>Incubus</artist>
    <country>USA</country>
    <company>Sony Music</company>
    <price>12.32</price>
    <year>1999</year>
  </cd>
  <cd>
    <title>One In A Million</title>
    <artist>Aaliyah</artist>
    <country>USA</country>
    <company>Blackground Enterprises</company>
    <price>8.50</price>
    <year>1996</year>
  </cd>
  <cd>
    <title>Shut Up And Dance (The Dance Mixes)</title>
    <artist>Paula Abdul</artist>
    <country>USA</country>
    <company>Virgin Records</company>
    <price>7.75</price>
    <year>1990</year>
  </cd>
  <cd>
    <title>Adema</title>
    <artist>Adema</artist>
    <country>USA</country>
    <company>RCA</company>
    <price>11.00</price>
    <year>2001</year>
  </cd>
  <cd>
    <title>Head Over Heels</title>
    <artist>Paula Abdul</artist>
    <country>USA</country>
    <company>Virgin/Captive</company>
    <price>8.50</price>
    <year>1995</year>
  </cd>
  <cd>
    <title>In Deep</title>
    <artist>Tina Arena</artist>
    <country>Australia</country>
    <company>Columbia</company>
    <price>8.75</price>
    <year>1997</year>
  </cd>
  <cd>
    <title>Let It Be</title>
    <artist>The Beatles</artist>
    <country>UK</country>
    <company>Apple</company>
    <price>12.00</price>
    <year>1970</year>
  </cd>
  <cd>
    <title>Aerosmith</title>
    <artist>Aerosmith</artist>
    <country>USA</country>
    <company>CBS Inc.</company>
    <price>9.50</price>
    <year>1973</year>
  </cd>
  <cd>
    <title>Dangerously in love</title>
    <artist>Beyonce Knowles</artist>
    <country>USA</country>
    <company>Columbia</company>
    <price>8.75</price>
    <year>2003</year>
  </cd>
  <cd>
    <title>Best Of Bee Gees</title>
    <artist>Bee Gees</artist>
    <country>UK</country>
    <company>Polydor</company>
    <price>9.50</price>
    <year>1969</year>
  </cd>
  <cd>
    <title>The London Chuck Berry Sessions</title>
    <artist>Chuck Berry</artist>
    <country>US/England</country>
    <company>Chess</company>
    <price>7.50</price>
    <year>1972</year>
  </cd>
  <cd>
    <title>Blonde and Beyond</title>
    <artist>Blondie</artist>
    <country>USA</country>
    <company>Chrysalis/ERG</company>
    <price>9.25</price>
    <year>1993</year>
  </cd>
</catalog>