﻿<?xml version="1.0" encoding="utf-8" ?>
<restaurantMenu  xmlns="http://www.dotnet.graduate-bg.com/Schemas/2009/Menu"
                 xmlns:brk="http://www.restaurant.bg/2009/Menus/Breakfast/XSL"
                 xmlns:lnch="http://www.restaurant.bg/2009/Menus/Lunch/XSL"
                 xmlns:din="http://www.restaurant.bg/2009/Menus/Dinner/XSL">
  <brk:breakfastMenu>
    <brk:foodItem id="001">
      <brk:name>Belgian Waffles</brk:name>
      <brk:price>5.95</brk:price>
      <brk:description>Two of our famous Belgian Waffles with plenty of real maple syrup</brk:description>
      <brk:calories>650</brk:calories>
    </brk:foodItem>
    <brk:foodItem id="002">
      <brk:name>Strawberry Belgian Waffles</brk:name>
      <brk:price>7.95</brk:price>
      <brk:description>light Belgian waffles covered with strawberries and whipped cream</brk:description>
      <brk:calories>900</brk:calories>
    </brk:foodItem>
    <brk:foodItem id="003">
      <brk:name>Berry-Berry Belgian Waffles</brk:name>
      <brk:price>8.95</brk:price>
      <brk:description>light Belgian waffles covered with an assortment of fresh berries and whipped cream</brk:description>
      <brk:calories>900</brk:calories>
    </brk:foodItem>
    <brk:foodItem id="004">
      <brk:name>French Toast</brk:name>
      <brk:price>4.50</brk:price>
      <brk:description>thick slices made from our homemade sourdough bread</brk:description>
      <brk:calories>600</brk:calories>
    </brk:foodItem>
    <brk:foodItem id="005">
      <brk:name>Homestyle Breakfast</brk:name>
      <brk:price>6.95</brk:price>
      <brk:description>two eggs, bacon or sausage, toast, and our ever-popular hash browns</brk:description>
      <brk:calories>950</brk:calories>
    </brk:foodItem>
    <brk:foodItem id="006">
      <brk:name>Macaroni</brk:name>
      <brk:price>3.0</brk:price>
      <brk:description>High-quality Italian Fetucinni prepared by our own special recipe</brk:description>
      <brk:calories>213</brk:calories>
    </brk:foodItem>
    <brk:drinkItem id="501">
      <brk:name>Tea</brk:name>
      <brk:price>1.50</brk:price>
      <brk:description>Excellent English tea of different flavous</brk:description>
    </brk:drinkItem>
    <brk:drinkItem id="502">
      <brk:name>Coffee</brk:name>
      <brk:price>1.75</brk:price>
      <brk:description>Traditional black aroma coffee</brk:description>
    </brk:drinkItem>
    <brk:drinkItem id="503">
      <brk:name>Iced coffee</brk:name>
      <brk:price>1.75</brk:price>
      <brk:description>A splendid coffee blend for summer mornings</brk:description>
    </brk:drinkItem>
  </brk:breakfastMenu>
  <lnch:lunchMenu></lnch:lunchMenu>
  <din:dinnerMenu />
</restaurantMenu>


