﻿<?xml version="1.0" encoding="utf-8" ?>
<restaurantMenu  xmlns="http://www.dotnet.graduate-bg.com/Schemas/2009/Menu">
  <breakfastMenu>
    <foodItem id="001">
      <name>Belgian Waffles</name>
      <price>5.95</price>
      <description>Two of our famous Belgian Waffles with plenty of real maple syrup</description>
      <calories>650</calories>
    </foodItem>
    <foodItem id="002">
      <name>Strawberry Belgian Waffles</name>
      <price>7.95</price>
      <description>light Belgian waffles covered with strawberries and whipped cream</description>
      <calories>900</calories>
    </foodItem>
    <foodItem id="003">
      <name>Berry-Berry Belgian Waffles</name>
      <price>8.95</price>
      <description>light Belgian waffles covered with an assortment of fresh berries and whipped cream</description>
      <calories>900</calories>
    </foodItem>
    <foodItem id="004">
      <name>French Toast</name>
      <price>4.50</price>
      <description>thick slices made from our homemade sourdough bread</description>
      <calories>600</calories>
    </foodItem>
    <foodItem id="005">
      <name>Homestyle Breakfast</name>
      <price>6.95</price>
      <description>two eggs, bacon or sausage, toast, and our ever-popular hash browns</description>
      <calories>950</calories>
    </foodItem>
    <foodItem id="006">
      <name>Macaroni</name>
      <price>3.0</price>
      <description>High-quality Italian Fetucinni prepared by our own special recipe</description>
      <calories>213</calories>
    </foodItem>
    <drinkItem id="501">
      <name>Tea</name>
      <price>1.50</price>
      <description>Excellent English tea of different flavous</description>
    </drinkItem>
    <drinkItem id="502">
      <name>Coffee</name>
      <price>1.75</price>
      <description>Traditional black aroma coffee</description>
    </drinkItem>
    <drinkItem id="503">
      <name>Iced coffee</name>
      <price>1.75</price>
      <description>A splendid coffee blend for summer mornings</description>
    </drinkItem>
  </breakfastMenu>
  <lunchMenu></lunchMenu>
  <dinnerMenu />
</restaurantMenu>


